Data/Quick/Dump/quick3098006.cpp,95,Data/Quick/Dump/quick2764881.cpp,95
Data/Quick/Dump/quick3098006.cpp,95,Data/Quick/Dump/quick2219612.cpp,95
Data/Quick/Dump/quick2764881.cpp,95,Data/Quick/Dump/quick2219612.cpp,95
Data/Quick/Dump/quick2219423.cpp,75,Data/Quick/Dump/quick3098006.cpp,75
Data/Quick/Dump/quick2219423.cpp,75,Data/Quick/Dump/quick2764881.cpp,75
Data/Quick/Dump/quick2219423.cpp,75,Data/Quick/Dump/quick2219612.cpp,75
Data/Quick/Dump/quick2713012.cpp,76,Data/Quick/Dump/quick3098006.cpp,72
Data/Quick/Dump/quick2713012.cpp,76,Data/Quick/Dump/quick2764881.cpp,72
Data/Quick/Dump/quick2713012.cpp,76,Data/Quick/Dump/quick2219612.cpp,72
Data/Quick/Dump/quick899366.cpp,58,Data/Quick/Dump/quick2485139.cpp,59
Data/Quick/Dump/quick1938215.cpp,61,Data/Quick/Dump/quick3098006.cpp,60
Data/Quick/Dump/quick1938215.cpp,61,Data/Quick/Dump/quick2764881.cpp,60
Data/Quick/Dump/quick1938215.cpp,61,Data/Quick/Dump/quick2219612.cpp,60
Data/Quick/Dump/quick3121922.cpp,62,Data/Quick/Dump/quick3098006.cpp,59
Data/Quick/Dump/quick3121922.cpp,62,Data/Quick/Dump/quick2764881.cpp,59
Data/Quick/Dump/quick3121922.cpp,62,Data/Quick/Dump/quick2219612.cpp,59
Data/Quick/Dump/quick1670903.cpp,49,Data/Quick/Dump/quick2485139.cpp,55
Data/Quick/Dump/quick3098006.cpp,57,Data/Quick/Dump/quick2552972.cpp,56
Data/Quick/Dump/quick2764881.cpp,57,Data/Quick/Dump/quick2552972.cpp,56
Data/Quick/Dump/quick2552972.cpp,56,Data/Quick/Dump/quick2219612.cpp,57
Data/Quick/Dump/quick1876852.cpp,56,Data/Quick/Dump/quick2552972.cpp,56
Data/Quick/Dump/quick3100695.cpp,50,Data/Quick/Dump/quick2485139.cpp,54
Data/Quick/Dump/quick1938215.cpp,56,Data/Quick/Dump/quick2552972.cpp,53
Data/Quick/Dump/quick1876852.cpp,51,Data/Quick/Dump/quick3098006.cpp,53
Data/Quick/Dump/quick1876852.cpp,51,Data/Quick/Dump/quick2764881.cpp,53
Data/Quick/Dump/quick1876852.cpp,51,Data/Quick/Dump/quick2219612.cpp,53
Data/Quick/Dump/quick1876852.cpp,46,Data/Quick/Dump/quick1938215.cpp,49
Data/Quick/Dump/quick899366.cpp,44,Data/Quick/Dump/quick3100695.cpp,41
Data/Quick/Dump/quick3190266.cpp,50,Data/Quick/Dump/quick2328472.cpp,46
Data/Quick/Dump/quick4207889.cpp,82,Data/Quick/Dump/quick3662338.cpp,81
Data/Quick/Dump/quick3055095.cpp,49,Data/Quick/Dump/quick4244334.cpp,47
Data/Quick/Dump/quick3854249.cpp,44,Data/Quick/Dump/quick1938215.cpp,46
Data/Quick/Dump/quick1380566.cpp,98,Data/Quick/Dump/quick1811500.cpp,98
Data/Quick/Dump/quick2713012.cpp,47,Data/Quick/Dump/quick2219423.cpp,44
Data/Quick/Dump/quick1670903.cpp,37,Data/Quick/Dump/quick899366.cpp,41
Data/Quick/Dump/quick2713012.cpp,46,Data/Quick/Dump/quick3055095.cpp,46
Data/Quick/Dump/quick2274785.cpp,76,Data/Quick/Dump/quick2278298.cpp,76
Data/Quick/Dump/quick1408869.cpp,38,Data/Quick/Dump/quick2219423.cpp,42
Data/Quick/Dump/quick2219423.cpp,42,Data/Quick/Dump/quick3121922.cpp,44
Data/Quick/Dump/quick2552972.cpp,39,Data/Quick/Dump/quick1538196.cpp,43
Data/Quick/Dump/quick3121922.cpp,40,Data/Quick/Dump/quick1938215.cpp,39
Data/Quick/Dump/quick2845632.cpp,71,Data/Quick/Dump/quick2478296.cpp,72
Data/Quick/Dump/quick2845632.cpp,71,Data/Quick/Dump/quick2274785.cpp,67
Data/Quick/Dump/quick2274785.cpp,67,Data/Quick/Dump/quick2478296.cpp,72
Data/Quick/Dump/quick4005803.cpp,43,Data/Quick/Dump/quick1618897.cpp,41
Data/Quick/Dump/quick2219423.cpp,38,Data/Quick/Dump/quick1938215.cpp,39
Data/Quick/Dump/quick2845632.cpp,68,Data/Quick/Dump/quick2278298.cpp,65
Data/Quick/Dump/quick2278298.cpp,65,Data/Quick/Dump/quick2478296.cpp,69
Data/Quick/Dump/quick2219423.cpp,36,Data/Quick/Dump/quick1876852.cpp,35
Data/Quick/Dump/quick3854249.cpp,35,Data/Quick/Dump/quick2552972.cpp,35
Data/Quick/Dump/quick2219423.cpp,36,Data/Quick/Dump/quick2552972.cpp,35
Data/Quick/Dump/quick2713012.cpp,37,Data/Quick/Dump/quick2572132.cpp,36
Data/Quick/Dump/quick3854249.cpp,34,Data/Quick/Dump/quick3098006.cpp,34
Data/Quick/Dump/quick3854249.cpp,34,Data/Quick/Dump/quick2764881.cpp,34
Data/Quick/Dump/quick3854249.cpp,34,Data/Quick/Dump/quick2219612.cpp,34
Data/Quick/Dump/quick1707176.cpp,34,Data/Quick/Dump/quick3965110.cpp,36
Data/Quick/Dump/quick2713012.cpp,35,Data/Quick/Dump/quick3121922.cpp,35
Data/Quick/Dump/quick2713012.cpp,34,Data/Quick/Dump/quick3333106.cpp,31
Data/Quick/Dump/quick2713012.cpp,34,Data/Quick/Dump/quick2552972.cpp,32
Data/Quick/Dump/quick1670903.cpp,27,Data/Quick/Dump/quick3100695.cpp,28
Data/Quick/Dump/quick2287619.cpp,59,Data/Quick/Dump/quick2478296.cpp,61
Data/Quick/Dump/quick1613001.cpp,57,Data/Quick/Dump/quick1298614.cpp,55
Data/Quick/Dump/quick2916338.cpp,33,Data/Quick/Dump/quick2328472.cpp,31
Data/Quick/Dump/quick2270634.cpp,26,Data/Quick/Dump/quick3190266.cpp,33
Data/Quick/Dump/quick3333106.cpp,29,Data/Quick/Dump/quick2552972.cpp,30
Data/Quick/Dump/quick1408869.cpp,27,Data/Quick/Dump/quick3965110.cpp,32
Data/Quick/Dump/quick3001612.cpp,31,Data/Quick/Dump/quick1273642.cpp,30
Data/Quick/Dump/quick3854249.cpp,28,Data/Quick/Dump/quick1876852.cpp,28
Data/Quick/Dump/quick2138699.cpp,34,Data/Quick/Dump/quick1528485.cpp,44
Data/Quick/Dump/quick3121922.cpp,30,Data/Quick/Dump/quick3055095.cpp,31
Data/Quick/Dump/quick4513152.cpp,29,Data/Quick/Dump/quick4244334.cpp,29
Data/Quick/Dump/quick2713012.cpp,29,Data/Quick/Dump/quick1938215.cpp,29
Data/Quick/Dump/quick2713012.cpp,29,Data/Quick/Dump/quick1876852.cpp,27
Data/Quick/Dump/quick2389559.cpp,31,Data/Quick/Dump/quick4244334.cpp,29
Data/Quick/Dump/quick1408869.cpp,25,Data/Quick/Dump/quick3098006.cpp,27
Data/Quick/Dump/quick1408869.cpp,25,Data/Quick/Dump/quick2764881.cpp,27
Data/Quick/Dump/quick1408869.cpp,25,Data/Quick/Dump/quick2219612.cpp,27
Data/Quick/Dump/quick1408869.cpp,24,Data/Quick/Dump/quick1938215.cpp,27
Data/Quick/Dump/quick2389559.cpp,29,Data/Quick/Dump/quick4513152.cpp,27
Data/Quick/Dump/quick2328472.cpp,25,Data/Quick/Dump/quick2389559.cpp,29
Data/Quick/Dump/quick3854249.cpp,25,Data/Quick/Dump/quick3121922.cpp,27
Data/Quick/Dump/quick1670903.cpp,21,Data/Quick/Dump/quick865707.cpp,35
Data/Quick/Dump/quick3333106.cpp,24,Data/Quick/Dump/quick3098006.cpp,26
Data/Quick/Dump/quick3333106.cpp,24,Data/Quick/Dump/quick2764881.cpp,26
Data/Quick/Dump/quick3333106.cpp,24,Data/Quick/Dump/quick2219612.cpp,26
Data/Quick/Dump/quick2845632.cpp,47,Data/Quick/Dump/quick2287619.cpp,47
Data/Quick/Dump/quick2287619.cpp,47,Data/Quick/Dump/quick2274785.cpp,45
Data/Quick/Dump/quick2713012.cpp,27,Data/Quick/Dump/quick3854249.cpp,25
Data/Quick/Dump/quick2219423.cpp,25,Data/Quick/Dump/quick3854249.cpp,24
Data/Quick/Dump/quick899366.cpp,23,Data/Quick/Dump/quick1528485.cpp,37
Data/Quick/Dump/quick4168798.cpp,26,Data/Quick/Dump/quick2982971.cpp,27
Data/Quick/Dump/quick2824225.cpp,26,Data/Quick/Dump/quick2982971.cpp,27
Data/Quick/Dump/quick1788405.cpp,50,Data/Quick/Dump/quick1811500.cpp,52
Data/Quick/Dump/quick1788405.cpp,50,Data/Quick/Dump/quick1380566.cpp,52
Data/Quick/Dump/quick4005803.cpp,27,Data/Quick/Dump/quick1457662.cpp,21
Data/Quick/Dump/quick3098006.cpp,24,Data/Quick/Dump/quick1538196.cpp,25
Data/Quick/Dump/quick2916338.cpp,24,Data/Quick/Dump/quick3190266.cpp,25
Data/Quick/Dump/quick2764881.cpp,24,Data/Quick/Dump/quick1538196.cpp,25
Data/Quick/Dump/quick2287619.cpp,44,Data/Quick/Dump/quick2278298.cpp,42
Data/Quick/Dump/quick2219612.cpp,24,Data/Quick/Dump/quick1538196.cpp,25
Data/Quick/Dump/quick1408869.cpp,22,Data/Quick/Dump/quick3121922.cpp,25
Data/Quick/Dump/quick4513152.cpp,24,Data/Quick/Dump/quick3055095.cpp,25
Data/Quick/Dump/quick3103810.cpp,24,Data/Quick/Dump/quick4513152.cpp,24
Data/Quick/Dump/quick3001612.cpp,25,Data/Quick/Dump/quick2485139.cpp,22
Data/Quick/Dump/quick1273642.cpp,24,Data/Quick/Dump/quick2485139.cpp,22
Data/Quick/Dump/quick3098006.cpp,23,Data/Quick/Dump/quick3055095.cpp,25
Data/Quick/Dump/quick2764881.cpp,23,Data/Quick/Dump/quick3055095.cpp,25
Data/Quick/Dump/quick2328472.cpp,23,Data/Quick/Dump/quick3662338.cpp,40
Data/Quick/Dump/quick2219612.cpp,23,Data/Quick/Dump/quick3055095.cpp,25
Data/Quick/Dump/quick2389559.cpp,26,Data/Quick/Dump/quick3055095.cpp,25
Data/Quick/Dump/quick2389559.cpp,26,Data/Quick/Dump/quick2982971.cpp,26
Data/Quick/Dump/quick899366.cpp,21,Data/Quick/Dump/quick1273642.cpp,23
Data/Quick/Dump/quick2512974.cpp,25,Data/Quick/Dump/quick3965110.cpp,24
Data/Quick/Dump/quick4446741.cpp,25,Data/Quick/Dump/quick1618897.cpp,24
Data/Quick/Dump/quick2398011.cpp,38,Data/Quick/Dump/quick1190666.cpp,41
Data/Quick/Dump/quick1408869.cpp,20,Data/Quick/Dump/quick1707176.cpp,22
Data/Quick/Dump/quick4262467.cpp,35,Data/Quick/Dump/quick865707.cpp,29
Data/Quick/Dump/quick2713012.cpp,23,Data/Quick/Dump/quick3637082.cpp,19
Data/Quick/Dump/quick2485139.cpp,20,Data/Quick/Dump/quick1528485.cpp,33
Data/Quick/Dump/quick1670903.cpp,18,Data/Quick/Dump/quick4262467.cpp,35
Data/Quick/Dump/quick3744425.cpp,38,Data/Quick/Dump/quick4207889.cpp,37
Data/Quick/Dump/quick3744425.cpp,38,Data/Quick/Dump/quick3662338.cpp,37
Data/Quick/Dump/quick3055095.cpp,23,Data/Quick/Dump/quick1538196.cpp,23
Data/Quick/Dump/quick1670903.cpp,18,Data/Quick/Dump/quick3001612.cpp,23
Data/Quick/Dump/quick3121922.cpp,22,Data/Quick/Dump/quick2552972.cpp,21
Data/Quick/Dump/quick899366.cpp,20,Data/Quick/Dump/quick3001612.cpp,22
Data/Quick/Dump/quick882676.cpp,29,Data/Quick/Dump/quick1038943.cpp,22
Data/Quick/Dump/quick899366.cpp,19,Data/Quick/Dump/quick408959.cpp,16
Data/Quick/Dump/quick3103810.cpp,21,Data/Quick/Dump/quick3121922.cpp,22
Data/Quick/Dump/quick3100695.cpp,18,Data/Quick/Dump/quick3001612.cpp,22
Data/Quick/Dump/quick1306247.cpp,18,Data/Quick/Dump/quick1457662.cpp,18
Data/Quick/Dump/quick3121922.cpp,21,Data/Quick/Dump/quick1538196.cpp,22
Data/Quick/Dump/quick2824225.cpp,22,Data/Quick/Dump/quick1618897.cpp,22
Data/Quick/Dump/quick4262467.cpp,33,Data/Quick/Dump/quick2138699.cpp,24
Data/Quick/Dump/quick3854249.cpp,20,Data/Quick/Dump/quick3055095.cpp,22
Data/Quick/Dump/quick2916338.cpp,21,Data/Quick/Dump/quick4513152.cpp,21
Data/Quick/Dump/quick3055095.cpp,21,Data/Quick/Dump/quick3637082.cpp,17
Data/Quick/Dump/quick2824225.cpp,22,Data/Quick/Dump/quick2389559.cpp,22
Data/Quick/Dump/quick865707.cpp,27,Data/Quick/Dump/quick2485139.cpp,18
Data/Quick/Dump/quick4262467.cpp,32,Data/Quick/Dump/quick2485139.cpp,18
Data/Quick/Dump/quick2295339.cpp,21,Data/Quick/Dump/quick1219409.cpp,19
Data/Quick/Dump/quick899366.cpp,18,Data/Quick/Dump/quick865707.cpp,26
Data/Quick/Dump/quick4262467.cpp,31,Data/Quick/Dump/quick899366.cpp,18
Data/Quick/Dump/quick1670903.cpp,16,Data/Quick/Dump/quick2138699.cpp,23
Data/Quick/Dump/quick1618897.cpp,21,Data/Quick/Dump/quick1457662.cpp,17
Data/Quick/Dump/quick1408869.cpp,18,Data/Quick/Dump/quick3854249.cpp,19
Data/Quick/Dump/quick408959.cpp,14,Data/Quick/Dump/quick2485139.cpp,18
Data/Quick/Dump/quick1408869.cpp,17,Data/Quick/Dump/quick2713012.cpp,20
Data/Quick/Dump/quick2916338.cpp,19,Data/Quick/Dump/quick3744425.cpp,33
Data/Quick/Dump/quick2550184.cpp,35,Data/Quick/Dump/quick1272118.cpp,33
Data/Quick/Dump/quick2219423.cpp,19,Data/Quick/Dump/quick1538196.cpp,20
Data/Quick/Dump/quick3121922.cpp,19,Data/Quick/Dump/quick1876852.cpp,18
Data/Quick/Dump/quick3100695.cpp,16,Data/Quick/Dump/quick1273642.cpp,19
Data/Quick/Dump/quick1670903.cpp,15,Data/Quick/Dump/quick1528485.cpp,28
Data/Quick/Dump/quick2916338.cpp,19,Data/Quick/Dump/quick4207889.cpp,32
Data/Quick/Dump/quick2916338.cpp,19,Data/Quick/Dump/quick3662338.cpp,31
Data/Quick/Dump/quick2713012.cpp,19,Data/Quick/Dump/quick4244334.cpp,19
Data/Quick/Dump/quick2572132.cpp,18,Data/Quick/Dump/quick3055095.cpp,19
Data/Quick/Dump/quick1876852.cpp,17,Data/Quick/Dump/quick1538196.cpp,19
Data/Quick/Dump/quick1707176.cpp,18,Data/Quick/Dump/quick3744425.cpp,31
Data/Quick/Dump/quick2982971.cpp,19,Data/Quick/Dump/quick1190666.cpp,32
Data/Quick/Dump/quick2398011.cpp,30,Data/Quick/Dump/quick2982971.cpp,19
Data/Quick/Dump/quick4168798.cpp,19,Data/Quick/Dump/quick3662338.cpp,30
Data/Quick/Dump/quick3190266.cpp,18,Data/Quick/Dump/quick3637082.cpp,15
Data/Quick/Dump/quick3190266.cpp,18,Data/Quick/Dump/quick2389559.cpp,19
Data/Quick/Dump/quick2328472.cpp,17,Data/Quick/Dump/quick4168798.cpp,19
Data/Quick/Dump/quick2219423.cpp,17,Data/Quick/Dump/quick3055095.cpp,19
Data/Quick/Dump/quick4446741.cpp,20,Data/Quick/Dump/quick4244334.cpp,18
Data/Quick/Dump/quick4446741.cpp,20,Data/Quick/Dump/quick2309102.cpp,20
Data/Quick/Dump/quick1811500.cpp,37,Data/Quick/Dump/quick2091489.cpp,37
Data/Quick/Dump/quick1788405.cpp,36,Data/Quick/Dump/quick1613001.cpp,31
Data/Quick/Dump/quick1670903.cpp,14,Data/Quick/Dump/quick1273642.cpp,18
Data/Quick/Dump/quick1380566.cpp,37,Data/Quick/Dump/quick2091489.cpp,37
Data/Quick/Dump/quick2328472.cpp,16,Data/Quick/Dump/quick4207889.cpp,30
Data/Quick/Dump/quick2270634.cpp,14,Data/Quick/Dump/quick970351.cpp,32
Data/Quick/Dump/quick2138699.cpp,20,Data/Quick/Dump/quick2485139.cpp,16
Data/Quick/Dump/quick3333106.cpp,16,Data/Quick/Dump/quick1938215.cpp,17
Data/Quick/Dump/quick3190266.cpp,18,Data/Quick/Dump/quick4168798.cpp,18
Data/Quick/Dump/quick2309102.cpp,20,Data/Quick/Dump/quick4244334.cpp,17
Data/Quick/Dump/quick3771234.cpp,32,Data/Quick/Dump/quick1298614.cpp,28
Data/Quick/Dump/quick2091489.cpp,36,Data/Quick/Dump/quick2094774.cpp,27
Data/Quick/Dump/quick4513152.cpp,17,Data/Quick/Dump/quick2552972.cpp,16
Data/Quick/Dump/quick3333106.cpp,15,Data/Quick/Dump/quick3055095.cpp,17
Data/Quick/Dump/quick2485139.cpp,15,Data/Quick/Dump/quick1219409.cpp,16
Data/Quick/Dump/quick3771234.cpp,31,Data/Quick/Dump/quick3345434.cpp,26
Data/Quick/Dump/quick2916338.cpp,17,Data/Quick/Dump/quick1707176.cpp,16
Data/Quick/Dump/quick2295339.cpp,17,Data/Quick/Dump/quick3965110.cpp,17
Data/Quick/Dump/quick1707176.cpp,16,Data/Quick/Dump/quick1618897.cpp,17
Data/Quick/Dump/quick1219409.cpp,16,Data/Quick/Dump/quick3637082.cpp,14
Data/Quick/Dump/quick2389559.cpp,18,Data/Quick/Dump/quick1618897.cpp,17
Data/Quick/Dump/quick2328472.cpp,15,Data/Quick/Dump/quick4513152.cpp,16
Data/Quick/Dump/quick1538196.cpp,17,Data/Quick/Dump/quick4244334.cpp,16
Data/Quick/Dump/quick899366.cpp,15,Data/Quick/Dump/quick2836155.cpp,16
Data/Quick/Dump/quick4446741.cpp,18,Data/Quick/Dump/quick3103810.cpp,16
Data/Quick/Dump/quick3098006.cpp,16,Data/Quick/Dump/quick3637082.cpp,14
Data/Quick/Dump/quick2764881.cpp,16,Data/Quick/Dump/quick3637082.cpp,14
Data/Quick/Dump/quick2219612.cpp,16,Data/Quick/Dump/quick3637082.cpp,14
Data/Quick/Dump/quick970351.cpp,30,Data/Quick/Dump/quick2478296.cpp,29
Data/Quick/Dump/quick970351.cpp,30,Data/Quick/Dump/quick2278298.cpp,28
Data/Quick/Dump/quick970351.cpp,30,Data/Quick/Dump/quick2274785.cpp,28
Data/Quick/Dump/quick4476229.cpp,20,Data/Quick/Dump/quick2389559.cpp,17
Data/Quick/Dump/quick2845632.cpp,29,Data/Quick/Dump/quick970351.cpp,30
Data/Quick/Dump/quick1408869.cpp,14,Data/Quick/Dump/quick2485139.cpp,15
Data/Quick/Dump/quick1273642.cpp,16,Data/Quick/Dump/quick408959.cpp,12
Data/Quick/Dump/quick3333106.cpp,14,Data/Quick/Dump/quick1876852.cpp,15
Data/Quick/Dump/quick3190266.cpp,16,Data/Quick/Dump/quick3965110.cpp,17
Data/Quick/Dump/quick3190266.cpp,16,Data/Quick/Dump/quick2824225.cpp,17
Data/Quick/Dump/quick899366.cpp,14,Data/Quick/Dump/quick2648722.cpp,28
Data/Quick/Dump/quick4513152.cpp,15,Data/Quick/Dump/quick2478296.cpp,29
Data/Quick/Dump/quick3854249.cpp,15,Data/Quick/Dump/quick3637082.cpp,13
Data/Quick/Dump/quick3103810.cpp,15,Data/Quick/Dump/quick3055095.cpp,16
Data/Quick/Dump/quick3100695.cpp,13,Data/Quick/Dump/quick408959.cpp,11
Data/Quick/Dump/quick2824225.cpp,17,Data/Quick/Dump/quick1306247.cpp,13
Data/Quick/Dump/quick2138699.cpp,18,Data/Quick/Dump/quick899366.cpp,14
Data/Quick/Dump/quick3190266.cpp,16,Data/Quick/Dump/quick2287619.cpp,28
Data/Quick/Dump/quick2800144.cpp,28,Data/Quick/Dump/quick1811500.cpp,33
Data/Quick/Dump/quick2800144.cpp,28,Data/Quick/Dump/quick1380566.cpp,33
Data/Quick/Dump/quick2550184.cpp,28,Data/Quick/Dump/quick1938215.cpp,15
Data/Quick/Dump/quick2389559.cpp,17,Data/Quick/Dump/quick1538196.cpp,16
Data/Quick/Dump/quick2309102.cpp,17,Data/Quick/Dump/quick3055095.cpp,16
Data/Quick/Dump/quick1618897.cpp,16,Data/Quick/Dump/quick2982971.cpp,17
Data/Quick/Dump/quick3771234.cpp,29,Data/Quick/Dump/quick1190666.cpp,27
Data/Quick/Dump/quick2800144.cpp,27,Data/Quick/Dump/quick1788405.cpp,30
Data/Quick/Dump/quick2295339.cpp,16,Data/Quick/Dump/quick3637082.cpp,13
Data/Quick/Dump/quick4446741.cpp,16,Data/Quick/Dump/quick1457662.cpp,13
Data/Quick/Dump/quick2824225.cpp,16,Data/Quick/Dump/quick3637082.cpp,12
Data/Quick/Dump/quick1788405.cpp,30,Data/Quick/Dump/quick2550184.cpp,27
Data/Quick/Dump/quick1788405.cpp,30,Data/Quick/Dump/quick1272118.cpp,25
Data/Quick/Dump/quick4262467.cpp,23,Data/Quick/Dump/quick2836155.cpp,14
Data/Quick/Dump/quick3854249.cpp,14,Data/Quick/Dump/quick1538196.cpp,15
Data/Quick/Dump/quick4005803.cpp,16,Data/Quick/Dump/quick2824225.cpp,15
Data/Quick/Dump/quick3190266.cpp,15,Data/Quick/Dump/quick4513152.cpp,14
Data/Quick/Dump/quick1956267.cpp,16,Data/Quick/Dump/quick3103810.cpp,14
Data/Quick/Dump/quick1408869.cpp,13,Data/Quick/Dump/quick2733164.cpp,24
Data/Quick/Dump/quick1038943.cpp,15,Data/Quick/Dump/quick717377.cpp,13
Data/Quick/Dump/quick3103810.cpp,14,Data/Quick/Dump/quick1538196.cpp,15
Data/Quick/Dump/quick2916338.cpp,14,Data/Quick/Dump/quick2824225.cpp,15
Data/Quick/Dump/quick2824225.cpp,15,Data/Quick/Dump/quick4244334.cpp,14
Data/Quick/Dump/quick2270634.cpp,11,Data/Quick/Dump/quick3965110.cpp,15
Data/Quick/Dump/quick3771234.cpp,27,Data/Quick/Dump/quick3744425.cpp,24
Data/Quick/Dump/quick2800144.cpp,25,Data/Quick/Dump/quick2550184.cpp,26
Data/Quick/Dump/quick2389559.cpp,15,Data/Quick/Dump/quick3965110.cpp,15
Data/Quick/Dump/quick4513152.cpp,14,Data/Quick/Dump/quick4168798.cpp,15
Data/Quick/Dump/quick4513152.cpp,14,Data/Quick/Dump/quick2982971.cpp,15
Data/Quick/Dump/quick4476229.cpp,17,Data/Quick/Dump/quick2550184.cpp,25
Data/Quick/Dump/quick4476229.cpp,17,Data/Quick/Dump/quick1788405.cpp,28
Data/Quick/Dump/quick4476229.cpp,17,Data/Quick/Dump/quick1272118.cpp,24
Data/Quick/Dump/quick2800144.cpp,25,Data/Quick/Dump/quick1272118.cpp,24
Data/Quick/Dump/quick1707176.cpp,14,Data/Quick/Dump/quick3819371.cpp,20
Data/Quick/Dump/quick3965110.cpp,14,Data/Quick/Dump/quick3744425.cpp,24
