Data/Merge/Dump/merge3291030.cpp,61,Data/Merge/Dump/merge2216666.cpp,59
Data/Merge/Dump/merge2858797.cpp,53,Data/Merge/Dump/merge2277885.cpp,55
Data/Merge/Dump/merge1266138.cpp,63,Data/Merge/Dump/merge3944042.cpp,60
Data/Merge/Dump/merge1707052.cpp,53,Data/Merge/Dump/merge3806839.cpp,54
Data/Merge/Dump/merge4609155.cpp,54,Data/Merge/Dump/merge2952638.cpp,54
Data/Merge/Dump/merge4609155.cpp,54,Data/Merge/Dump/merge2552087.cpp,54
Data/Merge/Dump/merge4609155.cpp,54,Data/Merge/Dump/merge2209030.cpp,54
Data/Merge/Dump/merge2552087.cpp,54,Data/Merge/Dump/merge2952638.cpp,54
Data/Merge/Dump/merge2209030.cpp,54,Data/Merge/Dump/merge2952638.cpp,54
Data/Merge/Dump/merge2209030.cpp,54,Data/Merge/Dump/merge2552087.cpp,54
Data/Merge/Dump/merge1707052.cpp,51,Data/Merge/Dump/merge710274.cpp,54
Data/Merge/Dump/merge2926979.cpp,51,Data/Merge/Dump/merge2870180.cpp,52
Data/Merge/Dump/merge710274.cpp,51,Data/Merge/Dump/merge3806839.cpp,50
Data/Merge/Dump/merge4609155.cpp,45,Data/Merge/Dump/merge2711591.cpp,45
Data/Merge/Dump/merge2711591.cpp,45,Data/Merge/Dump/merge2952638.cpp,45
Data/Merge/Dump/merge2552087.cpp,45,Data/Merge/Dump/merge2711591.cpp,45
Data/Merge/Dump/merge2209030.cpp,45,Data/Merge/Dump/merge2711591.cpp,45
Data/Merge/Dump/merge1707052.cpp,44,Data/Merge/Dump/merge3244046.cpp,43
Data/Merge/Dump/merge4609155.cpp,44,Data/Merge/Dump/merge2870180.cpp,44
Data/Merge/Dump/merge2870180.cpp,44,Data/Merge/Dump/merge2952638.cpp,44
Data/Merge/Dump/merge2870180.cpp,44,Data/Merge/Dump/merge2552087.cpp,44
Data/Merge/Dump/merge2209030.cpp,44,Data/Merge/Dump/merge2870180.cpp,44
Data/Merge/Dump/merge2856577.cpp,45,Data/Merge/Dump/merge680196.cpp,44
Data/Merge/Dump/merge2346297.cpp,41,Data/Merge/Dump/merge1903079.cpp,42
Data/Merge/Dump/merge864202.cpp,43,Data/Merge/Dump/merge1266138.cpp,47
Data/Merge/Dump/merge3078852.cpp,39,Data/Merge/Dump/merge680196.cpp,42
Data/Merge/Dump/merge1820831.cpp,43,Data/Merge/Dump/merge1820856.cpp,44
Data/Merge/Dump/merge1985095.cpp,43,Data/Merge/Dump/merge3182481.cpp,42
Data/Merge/Dump/merge680196.cpp,39,Data/Merge/Dump/merge2858797.cpp,36
Data/Merge/Dump/merge4123845.cpp,40,Data/Merge/Dump/merge3182481.cpp,41
Data/Merge/Dump/merge1266138.cpp,43,Data/Merge/Dump/merge2125031.cpp,37
Data/Merge/Dump/merge2636807.cpp,39,Data/Merge/Dump/merge3645703.cpp,39
Data/Merge/Dump/merge4609155.cpp,36,Data/Merge/Dump/merge2926979.cpp,36
Data/Merge/Dump/merge3277649.cpp,38,Data/Merge/Dump/merge2398028.cpp,36
Data/Merge/Dump/merge2926979.cpp,36,Data/Merge/Dump/merge2952638.cpp,36
Data/Merge/Dump/merge2926979.cpp,36,Data/Merge/Dump/merge2552087.cpp,36
Data/Merge/Dump/merge2926979.cpp,36,Data/Merge/Dump/merge2209030.cpp,36
Data/Merge/Dump/merge877303.cpp,36,Data/Merge/Dump/merge3645703.cpp,37
Data/Merge/Dump/merge2870180.cpp,35,Data/Merge/Dump/merge2711591.cpp,35
Data/Merge/Dump/merge877303.cpp,36,Data/Merge/Dump/merge2546954.cpp,33
Data/Merge/Dump/merge4262026.cpp,35,Data/Merge/Dump/merge2125031.cpp,34
Data/Merge/Dump/merge3078852.cpp,33,Data/Merge/Dump/merge2858797.cpp,32
Data/Merge/Dump/merge2616025.cpp,37,Data/Merge/Dump/merge2379688.cpp,39
Data/Merge/Dump/merge3244046.cpp,33,Data/Merge/Dump/merge3806839.cpp,35
Data/Merge/Dump/merge2856577.cpp,35,Data/Merge/Dump/merge1685919.cpp,34
Data/Merge/Dump/merge877303.cpp,35,Data/Merge/Dump/merge680196.cpp,34
Data/Merge/Dump/merge4123845.cpp,35,Data/Merge/Dump/merge3277649.cpp,36
Data/Merge/Dump/merge3645703.cpp,35,Data/Merge/Dump/merge2277885.cpp,32
Data/Merge/Dump/merge2895301.cpp,36,Data/Merge/Dump/merge3770683.cpp,37
Data/Merge/Dump/merge2546954.cpp,30,Data/Merge/Dump/merge2858797.cpp,30
Data/Merge/Dump/merge877303.cpp,33,Data/Merge/Dump/merge1820831.cpp,34
Data/Merge/Dump/merge2858797.cpp,30,Data/Merge/Dump/merge1685919.cpp,31
Data/Merge/Dump/merge2389438.cpp,35,Data/Merge/Dump/merge1820856.cpp,34
Data/Merge/Dump/merge1685919.cpp,31,Data/Merge/Dump/merge2277885.cpp,31
Data/Merge/Dump/merge3645703.cpp,32,Data/Merge/Dump/merge3255062.cpp,26
Data/Merge/Dump/merge1187783.cpp,30,Data/Merge/Dump/merge2293417.cpp,30
Data/Merge/Dump/merge2346306.cpp,31,Data/Merge/Dump/merge2125031.cpp,30
Data/Merge/Dump/merge2895301.cpp,33,Data/Merge/Dump/merge2125031.cpp,29
Data/Merge/Dump/merge877303.cpp,31,Data/Merge/Dump/merge3078852.cpp,28
Data/Merge/Dump/merge1707052.cpp,29,Data/Merge/Dump/merge864202.cpp,31
Data/Merge/Dump/merge1707052.cpp,29,Data/Merge/Dump/merge2125031.cpp,29
Data/Merge/Dump/merge1519521.cpp,31,Data/Merge/Dump/merge1820831.cpp,32
Data/Merge/Dump/merge864202.cpp,31,Data/Merge/Dump/merge2895301.cpp,32
Data/Merge/Dump/merge2636807.cpp,30,Data/Merge/Dump/merge2904300.cpp,30
Data/Merge/Dump/merge2216666.cpp,30,Data/Merge/Dump/merge2926979.cpp,29
Data/Merge/Dump/merge4123845.cpp,30,Data/Merge/Dump/merge1985095.cpp,31
Data/Merge/Dump/merge1264017.cpp,31,Data/Merge/Dump/merge3645703.cpp,30
Data/Merge/Dump/merge4123845.cpp,30,Data/Merge/Dump/merge2398028.cpp,29
Data/Merge/Dump/merge3806839.cpp,29,Data/Merge/Dump/merge2372638.cpp,29
Data/Merge/Dump/merge2379688.cpp,32,Data/Merge/Dump/merge3182481.cpp,30
Data/Merge/Dump/merge3944042.cpp,31,Data/Merge/Dump/merge2125031.cpp,27
Data/Merge/Dump/merge3078852.cpp,27,Data/Merge/Dump/merge1801448.cpp,28
Data/Merge/Dump/merge2216666.cpp,28,Data/Merge/Dump/merge710274.cpp,29
Data/Merge/Dump/merge4609155.cpp,28,Data/Merge/Dump/merge2216666.cpp,28
Data/Merge/Dump/merge3806839.cpp,28,Data/Merge/Dump/merge2125031.cpp,26
Data/Merge/Dump/merge3182481.cpp,29,Data/Merge/Dump/merge3645703.cpp,29
Data/Merge/Dump/merge2926979.cpp,27,Data/Merge/Dump/merge2711591.cpp,28
Data/Merge/Dump/merge2216666.cpp,28,Data/Merge/Dump/merge2952638.cpp,28
Data/Merge/Dump/merge2216666.cpp,28,Data/Merge/Dump/merge2870180.cpp,28
Data/Merge/Dump/merge2216666.cpp,28,Data/Merge/Dump/merge2711591.cpp,28
Data/Merge/Dump/merge2216666.cpp,28,Data/Merge/Dump/merge2552087.cpp,28
Data/Merge/Dump/merge2216666.cpp,28,Data/Merge/Dump/merge2209030.cpp,28
Data/Merge/Dump/merge1707052.cpp,27,Data/Merge/Dump/merge3944042.cpp,30
Data/Merge/Dump/merge403740.cpp,27,Data/Merge/Dump/merge2125031.cpp,26
Data/Merge/Dump/merge1985095.cpp,29,Data/Merge/Dump/merge1264017.cpp,29
Data/Merge/Dump/merge3244046.cpp,26,Data/Merge/Dump/merge710274.cpp,28
Data/Merge/Dump/merge864202.cpp,28,Data/Merge/Dump/merge2125031.cpp,25
Data/Merge/Dump/merge3291030.cpp,27,Data/Merge/Dump/merge3664410.cpp,29
Data/Merge/Dump/merge2636807.cpp,27,Data/Merge/Dump/merge2346306.cpp,26
Data/Merge/Dump/merge2554728.cpp,30,Data/Merge/Dump/merge3858362.cpp,30
Data/Merge/Dump/merge2216666.cpp,26,Data/Merge/Dump/merge3664410.cpp,29
Data/Merge/Dump/merge1820856.cpp,28,Data/Merge/Dump/merge1820837.cpp,27
Data/Merge/Dump/merge4262026.cpp,26,Data/Merge/Dump/merge3944042.cpp,28
Data/Merge/Dump/merge3182481.cpp,27,Data/Merge/Dump/merge3240056.cpp,26
Data/Merge/Dump/merge2379688.cpp,29,Data/Merge/Dump/merge2304406.cpp,31
Data/Merge/Dump/merge4157629.cpp,26,Data/Merge/Dump/merge1903079.cpp,26
Data/Merge/Dump/merge3291030.cpp,27,Data/Merge/Dump/merge710274.cpp,27
Data/Merge/Dump/merge2546954.cpp,24,Data/Merge/Dump/merge680196.cpp,26
Data/Merge/Dump/merge2326948.cpp,27,Data/Merge/Dump/merge3182481.cpp,27
Data/Merge/Dump/merge1519521.cpp,27,Data/Merge/Dump/merge2389438.cpp,28
Data/Merge/Dump/merge1456780.cpp,26,Data/Merge/Dump/merge3255062.cpp,21
Data/Merge/Dump/merge2632946.cpp,29,Data/Merge/Dump/merge1266138.cpp,29
Data/Merge/Dump/merge2379688.cpp,29,Data/Merge/Dump/merge2346306.cpp,25
Data/Merge/Dump/merge864202.cpp,26,Data/Merge/Dump/merge3944042.cpp,27
Data/Merge/Dump/merge2895301.cpp,27,Data/Merge/Dump/merge1266138.cpp,28
Data/Merge/Dump/merge710274.cpp,25,Data/Merge/Dump/merge3664410.cpp,27
Data/Merge/Dump/merge2895301.cpp,26,Data/Merge/Dump/merge3944042.cpp,26
Data/Merge/Dump/merge1820856.cpp,26,Data/Merge/Dump/merge1820972.cpp,27
Data/Merge/Dump/merge3944042.cpp,26,Data/Merge/Dump/merge3858362.cpp,27
Data/Merge/Dump/merge4123845.cpp,25,Data/Merge/Dump/merge2326948.cpp,25
Data/Merge/Dump/merge2326948.cpp,25,Data/Merge/Dump/merge3645703.cpp,25
Data/Merge/Dump/merge1707052.cpp,23,Data/Merge/Dump/merge1266138.cpp,27
Data/Merge/Dump/merge710274.cpp,24,Data/Merge/Dump/merge3944042.cpp,25
Data/Merge/Dump/merge4609155.cpp,23,Data/Merge/Dump/merge4406125.cpp,22
Data/Merge/Dump/merge4406125.cpp,22,Data/Merge/Dump/merge2952638.cpp,23
Data/Merge/Dump/merge4406125.cpp,22,Data/Merge/Dump/merge2926979.cpp,23
Data/Merge/Dump/merge4406125.cpp,22,Data/Merge/Dump/merge2870180.cpp,23
Data/Merge/Dump/merge4406125.cpp,22,Data/Merge/Dump/merge2552087.cpp,23
Data/Merge/Dump/merge4406125.cpp,22,Data/Merge/Dump/merge2209030.cpp,23
Data/Merge/Dump/merge3078852.cpp,22,Data/Merge/Dump/merge3645703.cpp,24
Data/Merge/Dump/merge877303.cpp,23,Data/Merge/Dump/merge3255062.cpp,19
Data/Merge/Dump/merge864202.cpp,24,Data/Merge/Dump/merge3806839.cpp,23
Data/Merge/Dump/merge3182481.cpp,24,Data/Merge/Dump/merge2304406.cpp,27
Data/Merge/Dump/merge2895301.cpp,24,Data/Merge/Dump/merge3806839.cpp,23
Data/Merge/Dump/merge2895301.cpp,24,Data/Merge/Dump/merge1939362.cpp,25
Data/Merge/Dump/merge2346297.cpp,23,Data/Merge/Dump/merge4157629.cpp,23
Data/Merge/Dump/merge1820837.cpp,23,Data/Merge/Dump/merge2346306.cpp,22
Data/Merge/Dump/merge1266095.cpp,12,Data/Merge/Dump/merge3255062.cpp,19
Data/Merge/Dump/merge680324.cpp,24,Data/Merge/Dump/merge3664410.cpp,24
Data/Merge/Dump/merge3244046.cpp,21,Data/Merge/Dump/merge1498915.cpp,23
Data/Merge/Dump/merge2346306.cpp,22,Data/Merge/Dump/merge403740.cpp,22
Data/Merge/Dump/merge1820856.cpp,24,Data/Merge/Dump/merge2546954.cpp,21
Data/Merge/Dump/merge1707052.cpp,21,Data/Merge/Dump/merge2372638.cpp,22
Data/Merge/Dump/merge1707052.cpp,21,Data/Merge/Dump/merge1498915.cpp,23
Data/Merge/Dump/merge680196.cpp,22,Data/Merge/Dump/merge2277885.cpp,21
Data/Merge/Dump/merge4123845.cpp,22,Data/Merge/Dump/merge1820856.cpp,23
Data/Merge/Dump/merge2856577.cpp,22,Data/Merge/Dump/merge2858797.cpp,20
Data/Merge/Dump/merge2856577.cpp,22,Data/Merge/Dump/merge2277885.cpp,21
Data/Merge/Dump/merge2554728.cpp,24,Data/Merge/Dump/merge1219270.cpp,20
Data/Merge/Dump/merge2379688.cpp,24,Data/Merge/Dump/merge1904952.cpp,25
Data/Merge/Dump/merge1904952.cpp,25,Data/Merge/Dump/merge2304406.cpp,25
Data/Merge/Dump/merge1707052.cpp,21,Data/Merge/Dump/merge2895301.cpp,23
Data/Merge/Dump/merge1266138.cpp,24,Data/Merge/Dump/merge3806839.cpp,21
Data/Merge/Dump/merge1266095.cpp,11,Data/Merge/Dump/merge2125031.cpp,20
Data/Merge/Dump/merge816717.cpp,16,Data/Merge/Dump/merge2546954.cpp,20
Data/Merge/Dump/merge3182481.cpp,22,Data/Merge/Dump/merge3277649.cpp,22
Data/Merge/Dump/merge2632946.cpp,24,Data/Merge/Dump/merge864202.cpp,22
Data/Merge/Dump/merge2346297.cpp,21,Data/Merge/Dump/merge2277885.cpp,20
Data/Merge/Dump/merge2346297.cpp,21,Data/Merge/Dump/merge1685919.cpp,20
Data/Merge/Dump/merge2326948.cpp,22,Data/Merge/Dump/merge3277649.cpp,22
Data/Merge/Dump/merge1820831.cpp,22,Data/Merge/Dump/merge3645703.cpp,22
Data/Merge/Dump/merge3645703.cpp,21,Data/Merge/Dump/merge1456780.cpp,21
Data/Merge/Dump/merge2616025.cpp,22,Data/Merge/Dump/merge2546954.cpp,19
Data/Merge/Dump/merge2616025.cpp,22,Data/Merge/Dump/merge2125031.cpp,20
Data/Merge/Dump/merge2389438.cpp,22,Data/Merge/Dump/merge3182481.cpp,21
Data/Merge/Dump/merge2346306.cpp,21,Data/Merge/Dump/merge2824212.cpp,21
Data/Merge/Dump/merge1264017.cpp,22,Data/Merge/Dump/merge3255062.cpp,17
Data/Merge/Dump/merge1264017.cpp,22,Data/Merge/Dump/merge1456780.cpp,21
Data/Merge/Dump/merge3944042.cpp,22,Data/Merge/Dump/merge2554728.cpp,23
Data/Merge/Dump/merge2763093.cpp,23,Data/Merge/Dump/merge864202.cpp,21
Data/Merge/Dump/merge2616025.cpp,21,Data/Merge/Dump/merge2763093.cpp,23
Data/Merge/Dump/merge1985095.cpp,22,Data/Merge/Dump/merge3277649.cpp,21
Data/Merge/Dump/merge4262026.cpp,20,Data/Merge/Dump/merge1266138.cpp,23
Data/Merge/Dump/merge2304406.cpp,23,Data/Merge/Dump/merge2277885.cpp,19
Data/Merge/Dump/merge1820831.cpp,21,Data/Merge/Dump/merge2326948.cpp,21
Data/Merge/Dump/merge877303.cpp,20,Data/Merge/Dump/merge2636807.cpp,20
Data/Merge/Dump/merge3240056.cpp,19,Data/Merge/Dump/merge3645703.cpp,20
Data/Merge/Dump/merge2616025.cpp,21,Data/Merge/Dump/merge1820972.cpp,22
Data/Merge/Dump/merge2346297.cpp,19,Data/Merge/Dump/merge2973410.cpp,21
Data/Merge/Dump/merge1985095.cpp,21,Data/Merge/Dump/merge2389438.cpp,21
Data/Merge/Dump/merge1820831.cpp,21,Data/Merge/Dump/merge2636807.cpp,20
Data/Merge/Dump/merge877303.cpp,20,Data/Merge/Dump/merge3317847.cpp,20
Data/Merge/Dump/merge710274.cpp,20,Data/Merge/Dump/merge2372638.cpp,19
Data/Merge/Dump/merge2973410.cpp,20,Data/Merge/Dump/merge4157629.cpp,19
Data/Merge/Dump/merge2326948.cpp,20,Data/Merge/Dump/merge2398028.cpp,19
Data/Merge/Dump/merge1982964.cpp,20,Data/Merge/Dump/merge1456780.cpp,19
Data/Merge/Dump/merge1707052.cpp,19,Data/Merge/Dump/merge4262026.cpp,19
Data/Merge/Dump/merge1300910.cpp,17,Data/Merge/Dump/merge1820972.cpp,22
Data/Merge/Dump/merge1266138.cpp,22,Data/Merge/Dump/merge2636807.cpp,20
Data/Merge/Dump/merge2973410.cpp,20,Data/Merge/Dump/merge2167858.cpp,22
Data/Merge/Dump/merge2636807.cpp,19,Data/Merge/Dump/merge2277885.cpp,18
Data/Merge/Dump/merge2379688.cpp,21,Data/Merge/Dump/merge3448744.cpp,19
Data/Merge/Dump/merge2346297.cpp,19,Data/Merge/Dump/merge2167858.cpp,22
Data/Merge/Dump/merge1820831.cpp,20,Data/Merge/Dump/merge2904300.cpp,19
Data/Merge/Dump/merge1627388.cpp,17,Data/Merge/Dump/merge3078852.cpp,18
Data/Merge/Dump/merge4123845.cpp,19,Data/Merge/Dump/merge2973410.cpp,20
Data/Merge/Dump/merge3645703.cpp,19,Data/Merge/Dump/merge2824212.cpp,19
Data/Merge/Dump/merge3244046.cpp,18,Data/Merge/Dump/merge3664410.cpp,20
Data/Merge/Dump/merge2636807.cpp,19,Data/Merge/Dump/merge1801448.cpp,18
Data/Merge/Dump/merge2546954.cpp,17,Data/Merge/Dump/merge3645703.cpp,19
Data/Merge/Dump/merge2379688.cpp,20,Data/Merge/Dump/merge2636807.cpp,19
Data/Merge/Dump/merge1982964.cpp,19,Data/Merge/Dump/merge1903079.cpp,18
Data/Merge/Dump/merge1820856.cpp,20,Data/Merge/Dump/merge3645703.cpp,19
Data/Merge/Dump/merge3858362.cpp,20,Data/Merge/Dump/merge1219270.cpp,17
Data/Merge/Dump/merge3806839.cpp,18,Data/Merge/Dump/merge3664410.cpp,20
Data/Merge/Dump/merge2858797.cpp,16,Data/Merge/Dump/merge2904300.cpp,18
Data/Merge/Dump/merge1707052.cpp,17,Data/Merge/Dump/merge3664410.cpp,20
Data/Merge/Dump/merge1264017.cpp,19,Data/Merge/Dump/merge3277649.cpp,19
Data/Merge/Dump/merge864202.cpp,18,Data/Merge/Dump/merge2346306.cpp,17
Data/Merge/Dump/merge4609155.cpp,17,Data/Merge/Dump/merge2554728.cpp,20
Data/Merge/Dump/merge2973410.cpp,19,Data/Merge/Dump/merge3277649.cpp,18
Data/Merge/Dump/merge2973410.cpp,19,Data/Merge/Dump/merge2398028.cpp,18
Data/Merge/Dump/merge2926979.cpp,17,Data/Merge/Dump/merge2554728.cpp,20
Data/Merge/Dump/merge2858797.cpp,16,Data/Merge/Dump/merge3645703.cpp,18
Data/Merge/Dump/merge2616025.cpp,18,Data/Merge/Dump/merge3448744.cpp,18
Data/Merge/Dump/merge2554728.cpp,20,Data/Merge/Dump/merge2952638.cpp,17
Data/Merge/Dump/merge2554728.cpp,20,Data/Merge/Dump/merge2870180.cpp,17
Data/Merge/Dump/merge2554728.cpp,20,Data/Merge/Dump/merge2552087.cpp,17
Data/Merge/Dump/merge2389438.cpp,19,Data/Merge/Dump/merge1851344.cpp,17
Data/Merge/Dump/merge2389438.cpp,19,Data/Merge/Dump/merge1820831.cpp,19
Data/Merge/Dump/merge2326948.cpp,18,Data/Merge/Dump/merge3240056.cpp,17
Data/Merge/Dump/merge2216666.cpp,17,Data/Merge/Dump/merge2554728.cpp,20
Data/Merge/Dump/merge2209030.cpp,17,Data/Merge/Dump/merge2554728.cpp,20
Data/Merge/Dump/merge1685919.cpp,17,Data/Merge/Dump/merge1456780.cpp,17
Data/Merge/Dump/merge1266138.cpp,20,Data/Merge/Dump/merge2346306.cpp,17
Data/Merge/Dump/merge864202.cpp,18,Data/Merge/Dump/merge2636807.cpp,18
Data/Merge/Dump/merge4609155.cpp,17,Data/Merge/Dump/merge1538162.cpp,18
Data/Merge/Dump/merge4406125.cpp,17,Data/Merge/Dump/merge1538162.cpp,18
Data/Merge/Dump/merge4123845.cpp,18,Data/Merge/Dump/merge3645703.cpp,18
Data/Merge/Dump/merge4123845.cpp,18,Data/Merge/Dump/merge2304406.cpp,20
Data/Merge/Dump/merge3240056.cpp,17,Data/Merge/Dump/merge2398028.cpp,17
Data/Merge/Dump/merge3182481.cpp,18,Data/Merge/Dump/merge2398028.cpp,17
Data/Merge/Dump/merge2926979.cpp,17,Data/Merge/Dump/merge1538162.cpp,18
Data/Merge/Dump/merge2636807.cpp,18,Data/Merge/Dump/merge2125031.cpp,16
Data/Merge/Dump/merge2632946.cpp,20,Data/Merge/Dump/merge1851344.cpp,17
Data/Merge/Dump/merge2209030.cpp,17,Data/Merge/Dump/merge1538162.cpp,18
Data/Merge/Dump/merge1985095.cpp,18,Data/Merge/Dump/merge2304406.cpp,20
Data/Merge/Dump/merge1820831.cpp,18,Data/Merge/Dump/merge2546954.cpp,16
Data/Merge/Dump/merge1538162.cpp,18,Data/Merge/Dump/merge2952638.cpp,17
Data/Merge/Dump/merge1538162.cpp,18,Data/Merge/Dump/merge2870180.cpp,17
Data/Merge/Dump/merge1538162.cpp,18,Data/Merge/Dump/merge2552087.cpp,17
Data/Merge/Dump/merge877303.cpp,17,Data/Merge/Dump/merge2858797.cpp,15
Data/Merge/Dump/merge864202.cpp,18,Data/Merge/Dump/merge710274.cpp,17
Data/Merge/Dump/merge864202.cpp,18,Data/Merge/Dump/merge2824212.cpp,17
Data/Merge/Dump/merge4262026.cpp,17,Data/Merge/Dump/merge2973410.cpp,18
Data/Merge/Dump/merge4262026.cpp,17,Data/Merge/Dump/merge2895301.cpp,18
Data/Merge/Dump/merge4123845.cpp,17,Data/Merge/Dump/merge3244046.cpp,16
Data/Merge/Dump/merge4123845.cpp,17,Data/Merge/Dump/merge2346306.cpp,17
Data/Merge/Dump/merge3277649.cpp,18,Data/Merge/Dump/merge2346306.cpp,17
Data/Merge/Dump/merge3244046.cpp,16,Data/Merge/Dump/merge3277649.cpp,18
Data/Merge/Dump/merge3244046.cpp,16,Data/Merge/Dump/merge2398028.cpp,17
Data/Merge/Dump/merge3244046.cpp,16,Data/Merge/Dump/merge2346306.cpp,17
Data/Merge/Dump/merge3078852.cpp,16,Data/Merge/Dump/merge2277885.cpp,16
Data/Merge/Dump/merge2973410.cpp,18,Data/Merge/Dump/merge3255062.cpp,14
Data/Merge/Dump/merge2973410.cpp,18,Data/Merge/Dump/merge3244046.cpp,16
Data/Merge/Dump/merge2973410.cpp,18,Data/Merge/Dump/merge2346306.cpp,17
Data/Merge/Dump/merge2973410.cpp,18,Data/Merge/Dump/merge1456780.cpp,17
Data/Merge/Dump/merge2895301.cpp,18,Data/Merge/Dump/merge710274.cpp,17
Data/Merge/Dump/merge2824212.cpp,17,Data/Merge/Dump/merge3255062.cpp,14
Data/Merge/Dump/merge2763093.cpp,19,Data/Merge/Dump/merge1266095.cpp,9
